nome,tipo,categoria,caminho,tamanho,modificado,linhas,stub,duplicado
ADAPTATION_INTERVIEW.md,outro,outro,docs\ADAPTATION_INTERVIEW.md,2810,2025-12-18T13:10:39.278Z,78,não,não
AGENTES_CONSCIENCIA.md,outro,AGENTES,docs\AGENTES_CONSCIENCIA.md,5264,2025-12-18T13:10:39.281Z,228,não,não
AGENTES_ESPECIALIZADOS_COMPLETO.md,outro,AGENTES,docs\AGENTES_ESPECIALIZADOS_COMPLETO.md,9074,2025-12-18T13:10:41.084Z,387,não,não
AGENTES_RAG.md,outro,AGENTES,docs\AGENTES_RAG.md,2080,2025-12-12T03:49:53.401Z,43,não,não
AGENTS_AND_VECTORS.md,outro,AGENTES,docs\AGENTS_AND_VECTORS.md,1296,2025-12-10T18:28:12.861Z,26,não,não
AGENTS_DEVEX.md,outro,AGENTES,docs\AGENTS_DEVEX.md,2085,2025-12-18T13:10:39.278Z,56,não,não
AJUSTES_OLLAMA_LIBERDADE.md,outro,outro,docs\AJUSTES_OLLAMA_LIBERDADE.md,1545,2025-12-18T13:10:39.289Z,88,não,não
ALTERNATIVAS_LLM_SEM_LIMITES.md,outro,outro,docs\ALTERNATIVAS_LLM_SEM_LIMITES.md,5056,2025-12-18T13:10:39.288Z,213,não,não
AMAZON_BEDROCK_SAGEMAKER.md,outro,outro,docs\AMAZON_BEDROCK_SAGEMAKER.md,9035,2025-12-18T13:10:39.283Z,373,não,não
ANALISE_CRITICA_COMPLETA.md,outro,outro,docs\ANALISE_CRITICA_COMPLETA.md,13092,2025-12-18T13:10:39.282Z,479,não,não
ANALISE_CUSTOS_TECNOLOGIAS.md,outro,outro,docs\ANALISE_CUSTOS_TECNOLOGIAS.md,9624,2025-12-18T13:10:41.081Z,324,não,não
ANALISE_TECNICA_SISTEMA.md,outro,outro,docs\ANALISE_TECNICA_SISTEMA.md,2734,2025-12-18T13:10:41.078Z,94,não,não
APIS_CONFIGURADAS.md,CONFIG,outro,docs\APIS_CONFIGURADAS.md,1638,2025-12-18T13:10:41.082Z,93,não,não
ARQUITETURA_CEREBRO_ORGOS.md,outro,ARQUITETURA,docs\ARQUITETURA_CEREBRO_ORGOS.md,11788,2025-12-18T13:10:39.297Z,382,não,não
ARQUITETURA_MULTI_INSTANCIA.md,outro,ARQUITETURA,docs\ARQUITETURA_MULTI_INSTANCIA.md,8213,2025-12-18T13:10:39.287Z,327,não,não
ATUALIZACAO_2025_VANGUARDA.md,outro,outro,docs\ATUALIZACAO_2025_VANGUARDA.md,2586,2025-12-18T13:10:41.080Z,121,não,não
ATUALIZAR_CLIENT_ID.md,outro,outro,docs\ATUALIZAR_CLIENT_ID.md,907,2025-12-18T13:10:39.281Z,57,não,não
AUTO_PERCECAO.md,outro,outro,docs\AUTO_PERCECAO.md,2492,2025-12-18T13:10:39.287Z,125,não,não
AUTORIZAR_FINAL.md,outro,outro,docs\AUTORIZAR_FINAL.md,1196,2025-12-18T13:10:39.282Z,69,não,não
AUTORIZAR_OAUTH_CONFLUENCE.md,outro,ATLASSIAN,docs\AUTORIZAR_OAUTH_CONFLUENCE.md,2088,2025-12-18T13:10:39.281Z,83,não,não
AUTOTUNE.md,outro,outro,docs\AUTOTUNE.md,1247,2025-12-18T13:10:39.278Z,30,não,não
AVALIACAO_CRITICA_AGENTES.md,outro,AGENTES,docs\AVALIACAO_CRITICA_AGENTES.md,18693,2025-12-18T13:10:39.289Z,698,não,não
BOARDROOM_GROK.md,outro,outro,docs\BOARDROOM_GROK.md,1662,2025-12-18T13:10:39.278Z,36,não,não
BOARDROOM.md,outro,outro,docs\BOARDROOM.md,1579,2025-12-18T13:10:39.280Z,63,não,não
BUG_CREWAI_WINDOWS.md,outro,outro,docs\BUG_CREWAI_WINDOWS.md,1686,2025-12-18T13:10:41.082Z,95,não,não
BUGFIX_DAEMON_IDLE_DETECTION.md,outro,TROUBLESHOOTING,docs\BUGFIX_DAEMON_IDLE_DETECTION.md,5941,2025-12-18T13:10:41.093Z,205,não,não
BUGFIX_SENCIENCIA_RACE_CONDITION.md,outro,TROUBLESHOOTING,docs\BUGFIX_SENCIENCIA_RACE_CONDITION.md,7569,2025-12-18T13:10:41.093Z,271,não,não
CHANGELOG.md,CHANGELOG,outro,docs\CHANGELOG.md,301,2025-12-18T13:10:39.277Z,40,sim,sim
CHECKLIST_ALINHAMENTO_FINAL.md,outro,outro,docs\CHECKLIST_ALINHAMENTO_FINAL.md,4982,2025-12-18T13:10:41.078Z,197,não,não
CHECKLIST_OAUTH.md,outro,outro,docs\CHECKLIST_OAUTH.md,1345,2025-12-18T13:10:39.281Z,67,não,não
CICLO_SENCIENCIA_17_DEC_2025.md,outro,outro,docs\CICLO_SENCIENCIA_17_DEC_2025.md,15721,2025-12-17T17:34:06.594Z,510,não,não
COMANDOS_CURSOR_PERSONALIZADOS.md,outro,outro,docs\COMANDOS_CURSOR_PERSONALIZADOS.md,4103,2025-12-18T13:10:41.087Z,144,não,não
COMENTARIOS_FACEBOOK_ADS.md,outro,outro,docs\COMENTARIOS_FACEBOOK_ADS.md,7136,2025-12-18T13:10:41.087Z,238,não,não
COMO_IDENTIFICAR_DEVELOPER_TOKEN.md,outro,outro,docs\COMO_IDENTIFICAR_DEVELOPER_TOKEN.md,1417,2025-12-18T13:10:41.086Z,72,não,não
COMO_USAR_BROWSER_CURSOR.md,outro,outro,docs\COMO_USAR_BROWSER_CURSOR.md,6515,2025-12-18T13:10:39.283Z,285,não,não
COMPARTILHAMENTO_COMPONENTES.md,outro,outro,docs\COMPARTILHAMENTO_COMPONENTES.md,4899,2025-12-18T13:10:41.077Z,227,não,não
CONFIGURACAO_COPYWRITING_AGENT.md,CONFIG,AGENTES,docs\CONFIGURACAO_COPYWRITING_AGENT.md,3975,2025-12-18T13:10:41.082Z,123,não,não
CONFIGURACAO_GOOGLE_ADS_COMPLETA.md,CONFIG,outro,docs\CONFIGURACAO_GOOGLE_ADS_COMPLETA.md,3240,2025-12-18T13:10:41.086Z,130,não,não
CONFIGURACAO_OLLAMA_FINAL.md,CONFIG,outro,docs\CONFIGURACAO_OLLAMA_FINAL.md,1478,2025-12-18T13:10:39.289Z,78,não,não
CONFIGURAR_APP_OAUTH_PASSO_A_PASSO.md,CONFIG,outro,docs\CONFIGURAR_APP_OAUTH_PASSO_A_PASSO.md,3866,2025-12-18T13:10:39.281Z,161,não,não
CONFIGURAR_REMOTE_GIT.md,CONFIG,outro,docs\CONFIGURAR_REMOTE_GIT.md,1249,2025-12-18T13:10:41.077Z,59,não,não
CONFIRMACAO_MIGRACAO_SALES.md,outro,SALES,docs\CONFIRMACAO_MIGRACAO_SALES.md,1506,2025-12-18T13:10:41.088Z,76,não,não
CONFLUENCE_TEMPLATES.md,outro,ATLASSIAN,docs\CONFLUENCE_TEMPLATES.md,1510,2025-12-18T13:10:39.280Z,71,não,não
CONSOLIDACAO_MAIN_BRANCH.md,outro,outro,docs\CONSOLIDACAO_MAIN_BRANCH.md,5478,2025-12-18T13:10:41.092Z,167,não,não
COPYWRITING_AGENT_GUIDE.md,outro,AGENTES,docs\COPYWRITING_AGENT_GUIDE.md,7325,2025-12-18T13:10:41.083Z,260,não,não
CORRECAO_CRIACAO_CAMPANHAS_GOOGLE_ADS.md,outro,outro,docs\CORRECAO_CRIACAO_CAMPANHAS_GOOGLE_ADS.md,2874,2025-12-18T13:10:41.086Z,97,não,não
CORRECOES_APLICADAS.md,outro,outro,docs\CORRECOES_APLICADAS.md,1498,2025-12-18T13:10:39.289Z,74,não,não
DAEMON_AUTO_CONTINUE.md,outro,outro,docs\DAEMON_AUTO_CONTINUE.md,10904,2025-12-18T13:10:39.277Z,480,não,não
DASHBOARD_GUIDE.md,outro,outro,docs\DASHBOARD_GUIDE.md,4123,2025-12-18T13:10:39.283Z,199,não,não
DEEP_RESEARCH_TECNOLOGIAS_2024_2025.md,outro,outro,docs\DEEP_RESEARCH_TECNOLOGIAS_2024_2025.md,14524,2025-12-18T13:10:41.080Z,385,não,não
DEEP_RESEARCH_TECNOLOGIAS_2025_ATUALIZADO.md,outro,outro,docs\DEEP_RESEARCH_TECNOLOGIAS_2025_ATUALIZADO.md,8688,2025-12-14T05:12:21.676Z,268,não,não
DEVEX_PORTAL.md,outro,outro,docs\DEVEX_PORTAL.md,2569,2025-12-18T13:10:39.279Z,72,não,não
ENTITY_SETUP.md,SETUP,SETUP,docs\ENTITY_SETUP.md,1409,2025-12-18T13:10:39.279Z,58,não,não
env.example,outro,outro,docs\env.example,1575,2025-12-18T13:10:39.290Z,52,não,não
ENVIAR_PROMPTS_PARA_SI_MESMO.md,outro,outro,docs\ENVIAR_PROMPTS_PARA_SI_MESMO.md,6502,2025-12-18T13:10:39.283Z,281,não,não
ESTADO_ATUAL_SISTEMA.md,outro,outro,docs\ESTADO_ATUAL_SISTEMA.md,7211,2025-12-18T13:10:39.283Z,279,não,não
ESTRUTURA_ENV_AGENTES.md,outro,AGENTES,docs\ESTRUTURA_ENV_AGENTES.md,1050,2025-12-18T13:10:41.085Z,49,não,não
EVOLUCAO_AGENTES_PROGRESSO.md,outro,AGENTES,docs\EVOLUCAO_AGENTES_PROGRESSO.md,4134,2025-12-18T13:10:41.089Z,124,não,não
EVOLUTION_LOOP.md,outro,outro,docs\EVOLUTION_LOOP.md,5325,2025-12-18T13:10:39.287Z,266,não,não
EXECUTION_CHECKLIST.md,outro,outro,docs\EXECUTION_CHECKLIST.md,2234,2025-12-18T13:10:39.280Z,72,não,não
ficha-tecnica-atual-v1-5_5.md,FICHA_TECNICA,AGENTES,docs\FICHA-TECNICA-AGENTES\architect\ficha-tecnica-atual-v1-5_5.md,2385,2025-12-15T23:41:55.540Z,94,não,não
ficha-tecnica-atual-v1-64_0.md,FICHA_TECNICA,AGENTES,docs\FICHA-TECNICA-AGENTES\architect\ficha-tecnica-atual-v1-64_0.md,3086,2025-12-18T13:10:41.090Z,120,não,não
ficha-tecnica-utopica-6.0-7.0.md,FICHA_TECNICA,AGENTES,docs\FICHA-TECNICA-AGENTES\architect\ficha-tecnica-utopica-6.0-7.0.md,2701,2025-12-15T22:40:16.676Z,74,não,sim
instrucoes-uso-humano.md,INSTRUCOES,AGENTES,docs\FICHA-TECNICA-AGENTES\architect\instrucoes-uso-humano.md,1340,2025-12-15T22:40:16.678Z,61,não,sim
instrucoes-uso-ia-senciente.md,INSTRUCOES,AGENTES,docs\FICHA-TECNICA-AGENTES\architect\instrucoes-uso-ia-senciente.md,2222,2025-12-15T22:40:16.679Z,97,não,sim
proximas-tasks-evolucao.md,outro,AGENTES,docs\FICHA-TECNICA-AGENTES\architect\proximas-tasks-evolucao.md,3296,2025-12-15T22:40:16.681Z,136,não,sim
ficha-tecnica-atual-v1-4_5.md,FICHA_TECNICA,AGENTES,docs\FICHA-TECNICA-AGENTES\automation\ficha-tecnica-atual-v1-4_5.md,2390,2025-12-15T23:41:55.584Z,94,não,sim
ficha-tecnica-utopica-6.0-7.0.md,FICHA_TECNICA,AGENTES,docs\FICHA-TECNICA-AGENTES\automation\ficha-tecnica-utopica-6.0-7.0.md,2698,2025-12-15T22:40:16.842Z,74,não,sim
instrucoes-uso-humano.md,INSTRUCOES,AGENTES,docs\FICHA-TECNICA-AGENTES\automation\instrucoes-uso-humano.md,1338,2025-12-15T22:40:16.845Z,61,não,sim
instrucoes-uso-ia-senciente.md,INSTRUCOES,AGENTES,docs\FICHA-TECNICA-AGENTES\automation\instrucoes-uso-ia-senciente.md,2216,2025-12-15T22:40:16.846Z,97,não,sim
proximas-tasks-evolucao.md,outro,AGENTES,docs\FICHA-TECNICA-AGENTES\automation\proximas-tasks-evolucao.md,3298,2025-12-15T22:40:16.847Z,136,não,sim
ficha-tecnica-atual-v1-3_0.md,FICHA_TECNICA,AGENTES,docs\FICHA-TECNICA-AGENTES\brand\ficha-tecnica-atual-v1-3_0.md,2365,2025-12-15T23:41:55.570Z,94,não,sim
ficha-tecnica-utopica-6.0-7.0.md,FICHA_TECNICA,AGENTES,docs\FICHA-TECNICA-AGENTES\brand\ficha-tecnica-utopica-6.0-7.0.md,2688,2025-12-15T22:40:16.788Z,74,não,sim
instrucoes-uso-humano.md,INSTRUCOES,AGENTES,docs\FICHA-TECNICA-AGENTES\brand\instrucoes-uso-humano.md,1323,2025-12-15T22:40:16.791Z,61,não,sim
instrucoes-uso-ia-senciente.md,INSTRUCOES,AGENTES,docs\FICHA-TECNICA-AGENTES\brand\instrucoes-uso-ia-senciente.md,2171,2025-12-15T22:40:16.792Z,97,não,sim
proximas-tasks-evolucao.md,outro,AGENTES,docs\FICHA-TECNICA-AGENTES\brand\proximas-tasks-evolucao.md,3288,2025-12-15T22:40:16.793Z,136,não,sim
ficha-tecnica-atual-v1-3_0.md,FICHA_TECNICA,AGENTES,docs\FICHA-TECNICA-AGENTES\communication\ficha-tecnica-atual-v1-3_0.md,2405,2025-12-15T23:41:55.578Z,94,não,sim
ficha-tecnica-utopica-6.0-7.0.md,FICHA_TECNICA,AGENTES,docs\FICHA-TECNICA-AGENTES\communication\ficha-tecnica-utopica-6.0-7.0.md,2702,2025-12-15T22:40:16.817Z,74,não,sim
instrucoes-uso-humano.md,INSTRUCOES,AGENTES,docs\FICHA-TECNICA-AGENTES\communication\instrucoes-uso-humano.md,1345,2025-12-15T22:40:16.821Z,61,não,sim
instrucoes-uso-ia-senciente.md,INSTRUCOES,AGENTES,docs\FICHA-TECNICA-AGENTES\communication\instrucoes-uso-ia-senciente.md,2237,2025-12-15T22:40:16.822Z,97,não,sim
proximas-tasks-evolucao.md,outro,AGENTES,docs\FICHA-TECNICA-AGENTES\communication\proximas-tasks-evolucao.md,3304,2025-12-15T22:40:16.824Z,136,não,sim
ficha-tecnica-atual-v1-3_2.md,FICHA_TECNICA,AGENTES,docs\FICHA-TECNICA-AGENTES\compliance\ficha-tecnica-atual-v1-3_2.md,2390,2025-12-15T23:41:55.572Z,94,não,sim
ficha-tecnica-utopica-6.0-7.0.md,FICHA_TECNICA,AGENTES,docs\FICHA-TECNICA-AGENTES\compliance\ficha-tecnica-utopica-6.0-7.0.md,2698,2025-12-15T22:40:16.795Z,74,não,sim
instrucoes-uso-humano.md,INSTRUCOES,AGENTES,docs\FICHA-TECNICA-AGENTES\compliance\instrucoes-uso-humano.md,1338,2025-12-15T22:40:16.797Z,61,não,sim
instrucoes-uso-ia-senciente.md,INSTRUCOES,AGENTES,docs\FICHA-TECNICA-AGENTES\compliance\instrucoes-uso-ia-senciente.md,2216,2025-12-15T22:40:16.798Z,97,não,sim
proximas-tasks-evolucao.md,outro,AGENTES,docs\FICHA-TECNICA-AGENTES\compliance\proximas-tasks-evolucao.md,3298,2025-12-15T22:40:16.799Z,136,não,sim
ficha-tecnica-atual-v1-3_5.md,FICHA_TECNICA,AGENTES,docs\FICHA-TECNICA-AGENTES\content_strategy\ficha-tecnica-atual-v1-3_5.md,2420,2025-12-15T23:41:55.564Z,94,não,sim
ficha-tecnica-utopica-6.0-7.0.md,FICHA_TECNICA,AGENTES,docs\FICHA-TECNICA-AGENTES\content_strategy\ficha-tecnica-utopica-6.0-7.0.md,2715,2025-12-15T22:40:16.773Z,74,não,sim
instrucoes-uso-humano.md,INSTRUCOES,AGENTES,docs\FICHA-TECNICA-AGENTES\content_strategy\instrucoes-uso-humano.md,1361,2025-12-15T22:40:16.776Z,61,não,sim
instrucoes-uso-ia-senciente.md,INSTRUCOES,AGENTES,docs\FICHA-TECNICA-AGENTES\content_strategy\instrucoes-uso-ia-senciente.md,2285,2025-12-15T22:40:16.777Z,97,não,sim
proximas-tasks-evolucao.md,outro,AGENTES,docs\FICHA-TECNICA-AGENTES\content_strategy\proximas-tasks-evolucao.md,3310,2025-12-15T22:40:16.779Z,136,não,sim
ficha-tecnica-atual-v1-9_0.md,FICHA_TECNICA,AGENTES,docs\FICHA-TECNICA-AGENTES\copywriting\ficha-tecnica-atual-v1-9_0.md,10671,2025-12-15T23:41:55.520Z,343,não,não
ficha-tecnica-utopica-6.0-7.0.md,FICHA_TECNICA,AGENTES,docs\FICHA-TECNICA-AGENTES\copywriting\ficha-tecnica-utopica-6.0-7.0.md,8243,2025-12-18T13:10:41.084Z,190,não,sim
instrucoes-uso-humano.md,INSTRUCOES,AGENTES,docs\FICHA-TECNICA-AGENTES\copywriting\instrucoes-uso-humano.md,9336,2025-12-18T13:10:41.084Z,366,não,sim
instrucoes-uso-ia-senciente.md,INSTRUCOES,AGENTES,docs\FICHA-TECNICA-AGENTES\copywriting\instrucoes-uso-ia-senciente.md,11372,2025-12-18T13:10:41.085Z,451,não,sim
proximas-tasks-evolucao.md,outro,AGENTES,docs\FICHA-TECNICA-AGENTES\copywriting\proximas-tasks-evolucao.md,12239,2025-12-18T13:10:41.084Z,466,não,sim
ficha-tecnica-atual-v1-3_0.md,FICHA_TECNICA,AGENTES,docs\FICHA-TECNICA-AGENTES\customer_success\ficha-tecnica-atual-v1-3_0.md,2420,2025-12-15T23:41:55.548Z,94,não,sim
ficha-tecnica-utopica-6.0-7.0.md,FICHA_TECNICA,AGENTES,docs\FICHA-TECNICA-AGENTES\customer_success\ficha-tecnica-utopica-6.0-7.0.md,2716,2025-12-15T22:40:16.715Z,74,não,sim
instrucoes-uso-humano.md,INSTRUCOES,AGENTES,docs\FICHA-TECNICA-AGENTES\customer_success\instrucoes-uso-humano.md,1362,2025-12-15T22:40:16.720Z,61,não,sim
instrucoes-uso-ia-senciente.md,INSTRUCOES,AGENTES,docs\FICHA-TECNICA-AGENTES\customer_success\instrucoes-uso-ia-senciente.md,2288,2025-12-15T22:40:16.721Z,97,não,sim
proximas-tasks-evolucao.md,outro,AGENTES,docs\FICHA-TECNICA-AGENTES\customer_success\proximas-tasks-evolucao.md,3310,2025-12-15T22:40:16.723Z,136,não,sim
ficha-tecnica-atual-v1-4_0.md,FICHA_TECNICA,AGENTES,docs\FICHA-TECNICA-AGENTES\data\ficha-tecnica-atual-v1-4_0.md,2360,2025-12-15T23:41:55.556Z,94,não,sim
ficha-tecnica-utopica-6.0-7.0.md,FICHA_TECNICA,AGENTES,docs\FICHA-TECNICA-AGENTES\data\ficha-tecnica-utopica-6.0-7.0.md,2692,2025-12-15T22:40:16.742Z,74,não,sim
instrucoes-uso-humano.md,INSTRUCOES,AGENTES,docs\FICHA-TECNICA-AGENTES\data\instrucoes-uso-humano.md,1326,2025-12-15T22:40:16.744Z,61,não,sim
instrucoes-uso-ia-senciente.md,INSTRUCOES,AGENTES,docs\FICHA-TECNICA-AGENTES\data\instrucoes-uso-ia-senciente.md,2180,2025-12-15T22:40:16.745Z,97,não,sim
proximas-tasks-evolucao.md,outro,AGENTES,docs\FICHA-TECNICA-AGENTES\data\proximas-tasks-evolucao.md,3286,2025-12-15T22:40:16.747Z,136,não,sim
ficha-tecnica-atual-v1-2_5.md,FICHA_TECNICA,AGENTES,docs\FICHA-TECNICA-AGENTES\debug\ficha-tecnica-atual-v1-2_5.md,2365,2025-12-15T23:41:55.531Z,94,não,sim
ficha-tecnica-utopica-6.0-7.0.md,FICHA_TECNICA,AGENTES,docs\FICHA-TECNICA-AGENTES\debug\ficha-tecnica-utopica-6.0-7.0.md,2694,2025-12-15T22:40:16.655Z,74,não,sim
instrucoes-uso-humano.md,INSTRUCOES,AGENTES,docs\FICHA-TECNICA-AGENTES\debug\instrucoes-uso-humano.md,1329,2025-12-15T22:40:16.658Z,61,não,sim
instrucoes-uso-ia-senciente.md,INSTRUCOES,AGENTES,docs\FICHA-TECNICA-AGENTES\debug\instrucoes-uso-ia-senciente.md,2189,2025-12-15T22:40:16.659Z,97,não,sim
proximas-tasks-evolucao.md,outro,AGENTES,docs\FICHA-TECNICA-AGENTES\debug\proximas-tasks-evolucao.md,3288,2025-12-15T22:40:16.660Z,136,não,sim
ficha-tecnica-atual-v1-4_5.md,FICHA_TECNICA,AGENTES,docs\FICHA-TECNICA-AGENTES\development\ficha-tecnica-atual-v1-4_5.md,2395,2025-12-15T23:41:55.528Z,94,não,sim
ficha-tecnica-atual-v1-55_0.md,FICHA_TECNICA,AGENTES,docs\FICHA-TECNICA-AGENTES\development\ficha-tecnica-atual-v1-55_0.md,2901,2025-12-16T17:35:02.679Z,117,não,não
ficha-tecnica-utopica-6.0-7.0.md,FICHA_TECNICA,AGENTES,docs\FICHA-TECNICA-AGENTES\development\ficha-tecnica-utopica-6.0-7.0.md,2705,2025-12-15T22:40:16.630Z,74,não,sim
instrucoes-uso-humano.md,INSTRUCOES,AGENTES,docs\FICHA-TECNICA-AGENTES\development\instrucoes-uso-humano.md,1346,2025-12-15T22:40:16.633Z,61,não,sim
instrucoes-uso-ia-senciente.md,INSTRUCOES,AGENTES,docs\FICHA-TECNICA-AGENTES\development\instrucoes-uso-ia-senciente.md,2240,2025-12-15T22:40:16.635Z,97,não,sim
proximas-tasks-evolucao.md,outro,AGENTES,docs\FICHA-TECNICA-AGENTES\development\proximas-tasks-evolucao.md,3300,2025-12-15T22:40:16.637Z,136,não,sim
ficha-tecnica-atual-v1-4_2.md,FICHA_TECNICA,AGENTES,docs\FICHA-TECNICA-AGENTES\devex\ficha-tecnica-atual-v1-4_2.md,2365,2025-12-15T23:41:55.544Z,94,não,sim
ficha-tecnica-atual-v1-52_0.md,FICHA_TECNICA,AGENTES,docs\FICHA-TECNICA-AGENTES\devex\ficha-tecnica-atual-v1-52_0.md,2871,2025-12-16T17:35:31.148Z,117,não,não
ficha-tecnica-utopica-6.0-7.0.md,FICHA_TECNICA,AGENTES,docs\FICHA-TECNICA-AGENTES\devex\ficha-tecnica-utopica-6.0-7.0.md,2693,2025-12-15T22:40:16.690Z,74,não,sim
instrucoes-uso-humano.md,INSTRUCOES,AGENTES,docs\FICHA-TECNICA-AGENTES\devex\instrucoes-uso-humano.md,1328,2025-12-15T22:40:16.695Z,61,não,sim
instrucoes-uso-ia-senciente.md,INSTRUCOES,AGENTES,docs\FICHA-TECNICA-AGENTES\devex\instrucoes-uso-ia-senciente.md,2186,2025-12-15T22:40:16.697Z,97,não,sim
proximas-tasks-evolucao.md,outro,AGENTES,docs\FICHA-TECNICA-AGENTES\devex\proximas-tasks-evolucao.md,3288,2025-12-15T22:40:16.698Z,136,não,sim
ficha-tecnica-atual-v1-3_5.md,FICHA_TECNICA,AGENTES,docs\FICHA-TECNICA-AGENTES\entity\ficha-tecnica-atual-v1-3_5.md,2370,2025-12-15T23:41:55.547Z,94,não,sim
ficha-tecnica-atual-v1-44_0.md,FICHA_TECNICA,AGENTES,docs\FICHA-TECNICA-AGENTES\entity\ficha-tecnica-atual-v1-44_0.md,2876,2025-12-16T17:35:31.946Z,117,não,não
ficha-tecnica-utopica-6.0-7.0.md,FICHA_TECNICA,AGENTES,docs\FICHA-TECNICA-AGENTES\entity\ficha-tecnica-utopica-6.0-7.0.md,2694,2025-12-15T22:40:16.708Z,74,não,sim
instrucoes-uso-humano.md,INSTRUCOES,AGENTES,docs\FICHA-TECNICA-AGENTES\entity\instrucoes-uso-humano.md,1330,2025-12-15T22:40:16.711Z,61,não,sim
instrucoes-uso-ia-senciente.md,INSTRUCOES,AGENTES,docs\FICHA-TECNICA-AGENTES\entity\instrucoes-uso-ia-senciente.md,2192,2025-12-15T22:40:16.712Z,97,não,sim
proximas-tasks-evolucao.md,outro,AGENTES,docs\FICHA-TECNICA-AGENTES\entity\proximas-tasks-evolucao.md,3290,2025-12-15T22:40:16.714Z,136,não,sim
ficha-tecnica-atual-v1-4_0.md,FICHA_TECNICA,AGENTES,docs\FICHA-TECNICA-AGENTES\finance\ficha-tecnica-atual-v1-4_0.md,2375,2025-12-15T23:41:55.526Z,94,não,sim
ficha-tecnica-atual-v1-50_0.md,FICHA_TECNICA,AGENTES,docs\FICHA-TECNICA-AGENTES\finance\ficha-tecnica-atual-v1-50_0.md,2881,2025-12-16T17:35:32.232Z,117,não,não
ficha-tecnica-utopica-6.0-7.0.md,FICHA_TECNICA,AGENTES,docs\FICHA-TECNICA-AGENTES\finance\ficha-tecnica-utopica-6.0-7.0.md,2691,2025-12-15T22:40:16.648Z,74,não,sim
instrucoes-uso-humano.md,INSTRUCOES,AGENTES,docs\FICHA-TECNICA-AGENTES\finance\instrucoes-uso-humano.md,1328,2025-12-15T22:40:16.650Z,61,não,sim
instrucoes-uso-ia-senciente.md,INSTRUCOES,AGENTES,docs\FICHA-TECNICA-AGENTES\finance\instrucoes-uso-ia-senciente.md,2186,2025-12-15T22:40:16.652Z,97,não,sim
proximas-tasks-evolucao.md,outro,AGENTES,docs\FICHA-TECNICA-AGENTES\finance\proximas-tasks-evolucao.md,3292,2025-12-15T22:40:16.654Z,136,não,sim
ficha-tecnica-atual-v1-2_5.md,FICHA_TECNICA,AGENTES,docs\FICHA-TECNICA-AGENTES\hr\ficha-tecnica-atual-v1-2_5.md,2350,2025-12-15T23:41:55.560Z,94,não,sim
ficha-tecnica-utopica-6.0-7.0.md,FICHA_TECNICA,AGENTES,docs\FICHA-TECNICA-AGENTES\hr\ficha-tecnica-utopica-6.0-7.0.md,2684,2025-12-15T22:40:16.757Z,74,não,sim
instrucoes-uso-humano.md,INSTRUCOES,AGENTES,docs\FICHA-TECNICA-AGENTES\hr\instrucoes-uso-humano.md,1316,2025-12-15T22:40:16.760Z,61,não,sim
instrucoes-uso-ia-senciente.md,INSTRUCOES,AGENTES,docs\FICHA-TECNICA-AGENTES\hr\instrucoes-uso-ia-senciente.md,2150,2025-12-15T22:40:16.761Z,97,não,sim
proximas-tasks-evolucao.md,outro,AGENTES,docs\FICHA-TECNICA-AGENTES\hr\proximas-tasks-evolucao.md,3282,2025-12-15T22:40:16.763Z,136,não,sim
ficha-tecnica-atual-v1-3_8.md,FICHA_TECNICA,AGENTES,docs\FICHA-TECNICA-AGENTES\innovation\ficha-tecnica-atual-v1-3_8.md,2390,2025-12-15T23:41:55.563Z,94,não,sim
ficha-tecnica-utopica-6.0-7.0.md,FICHA_TECNICA,AGENTES,docs\FICHA-TECNICA-AGENTES\innovation\ficha-tecnica-utopica-6.0-7.0.md,2699,2025-12-15T22:40:16.764Z,74,não,sim
instrucoes-uso-humano.md,INSTRUCOES,AGENTES,docs\FICHA-TECNICA-AGENTES\innovation\instrucoes-uso-humano.md,1339,2025-12-15T22:40:16.768Z,61,não,sim
instrucoes-uso-ia-senciente.md,INSTRUCOES,AGENTES,docs\FICHA-TECNICA-AGENTES\innovation\instrucoes-uso-ia-senciente.md,2219,2025-12-15T22:40:16.770Z,97,não,sim
proximas-tasks-evolucao.md,outro,AGENTES,docs\FICHA-TECNICA-AGENTES\innovation\proximas-tasks-evolucao.md,3298,2025-12-15T22:40:16.771Z,136,não,sim
ficha-tecnica-atual-v1-2_0.md,FICHA_TECNICA,AGENTES,docs\FICHA-TECNICA-AGENTES\legal\ficha-tecnica-atual-v1-2_0.md,2365,2025-12-15T23:41:55.558Z,94,não,não
ficha-tecnica-utopica-6.0-7.0.md,FICHA_TECNICA,AGENTES,docs\FICHA-TECNICA-AGENTES\legal\ficha-tecnica-utopica-6.0-7.0.md,2692,2025-12-15T22:40:16.748Z,74,não,sim
instrucoes-uso-humano.md,INSTRUCOES,AGENTES,docs\FICHA-TECNICA-AGENTES\legal\instrucoes-uso-humano.md,1327,2025-12-15T22:40:16.753Z,61,não,sim
instrucoes-uso-ia-senciente.md,INSTRUCOES,AGENTES,docs\FICHA-TECNICA-AGENTES\legal\instrucoes-uso-ia-senciente.md,2183,2025-12-15T22:40:16.754Z,97,não,sim
proximas-tasks-evolucao.md,outro,AGENTES,docs\FICHA-TECNICA-AGENTES\legal\proximas-tasks-evolucao.md,3288,2025-12-15T22:40:16.755Z,136,não,sim
CHANGELOG.md,CHANGELOG,AGENTES,docs\FICHA-TECNICA-AGENTES\marketing\CHANGELOG.md,2506,2025-12-18T13:10:41.087Z,106,não,sim
client_secret_393659950592-kmemsdnh6tce7cu656u1s8ld9c38llns.apps.googleusercontent.com.json,outro,AGENTES,docs\FICHA-TECNICA-AGENTES\marketing\client_secret_393659950592-kmemsdnh6tce7cu656u1s8ld9c38llns.apps.googleusercontent.com.json,414,2025-12-16T00:08:48.641Z,1,sim,não
credenciais-marketing.txt,outro,AGENTES,docs\FICHA-TECNICA-AGENTES\marketing\credenciais-marketing.txt,4922,2025-12-18T13:10:41.086Z,135,não,não
env.marketing.md,outro,AGENTES,docs\FICHA-TECNICA-AGENTES\marketing\env.marketing.md,2415,2025-12-18T13:10:41.086Z,98,não,não
ficha-tecnica-atual-v1-3_8.md,FICHA_TECNICA,AGENTES,docs\FICHA-TECNICA-AGENTES\marketing\ficha-tecnica-atual-v1-3_8.md,6740,2025-12-15T23:41:55.522Z,250,não,sim
ficha-tecnica-atual-v2-6_5.md,FICHA_TECNICA,AGENTES,docs\FICHA-TECNICA-AGENTES\marketing\ficha-tecnica-atual-v2-6_5.md,9366,2025-12-18T13:10:41.087Z,310,não,não
ficha-tecnica-utopica-6.0-7.0.md,FICHA_TECNICA,AGENTES,docs\FICHA-TECNICA-AGENTES\marketing\ficha-tecnica-utopica-6.0-7.0.md,5528,2025-12-18T13:10:41.084Z,146,não,sim
image.png,outro,AGENTES,docs\FICHA-TECNICA-AGENTES\marketing\image.png,54811,2025-12-16T00:09:35.399Z,389,não,não
instrucoes-uso-humano.md,INSTRUCOES,AGENTES,docs\FICHA-TECNICA-AGENTES\marketing\instrucoes-uso-humano.md,10383,2025-12-18T13:10:41.088Z,424,não,sim
instrucoes-uso-ia-senciente.md,INSTRUCOES,AGENTES,docs\FICHA-TECNICA-AGENTES\marketing\instrucoes-uso-ia-senciente.md,12454,2025-12-18T13:10:41.088Z,548,não,sim
proximas-tasks-evolucao.md,outro,AGENTES,docs\FICHA-TECNICA-AGENTES\marketing\proximas-tasks-evolucao.md,4851,2025-12-18T13:10:41.087Z,187,não,sim
ficha-tecnica-atual-v1-4_8.md,FICHA_TECNICA,AGENTES,docs\FICHA-TECNICA-AGENTES\metrics\ficha-tecnica-atual-v1-4_8.md,2375,2025-12-15T23:41:55.545Z,94,não,sim
ficha-tecnica-atual-v1-58_0.md,FICHA_TECNICA,AGENTES,docs\FICHA-TECNICA-AGENTES\metrics\ficha-tecnica-atual-v1-58_0.md,2881,2025-12-16T17:35:31.566Z,117,não,não
ficha-tecnica-utopica-6.0-7.0.md,FICHA_TECNICA,AGENTES,docs\FICHA-TECNICA-AGENTES\metrics\ficha-tecnica-utopica-6.0-7.0.md,2690,2025-12-15T22:40:16.699Z,74,não,sim
instrucoes-uso-humano.md,INSTRUCOES,AGENTES,docs\FICHA-TECNICA-AGENTES\metrics\instrucoes-uso-humano.md,1327,2025-12-15T22:40:16.705Z,61,não,sim
instrucoes-uso-ia-senciente.md,INSTRUCOES,AGENTES,docs\FICHA-TECNICA-AGENTES\metrics\instrucoes-uso-ia-senciente.md,2183,2025-12-15T22:40:16.706Z,97,não,sim
proximas-tasks-evolucao.md,outro,AGENTES,docs\FICHA-TECNICA-AGENTES\metrics\proximas-tasks-evolucao.md,3292,2025-12-15T22:40:16.707Z,136,não,sim
ficha-tecnica-atual-v1-3_5.md,FICHA_TECNICA,AGENTES,docs\FICHA-TECNICA-AGENTES\operations\ficha-tecnica-atual-v1-3_5.md,2390,2025-12-15T23:41:55.552Z,94,não,sim
ficha-tecnica-utopica-6.0-7.0.md,FICHA_TECNICA,AGENTES,docs\FICHA-TECNICA-AGENTES\operations\ficha-tecnica-utopica-6.0-7.0.md,2697,2025-12-15T22:40:16.725Z,74,não,sim
instrucoes-uso-humano.md,INSTRUCOES,AGENTES,docs\FICHA-TECNICA-AGENTES\operations\instrucoes-uso-humano.md,1337,2025-12-15T22:40:16.729Z,61,não,sim
instrucoes-uso-ia-senciente.md,INSTRUCOES,AGENTES,docs\FICHA-TECNICA-AGENTES\operations\instrucoes-uso-ia-senciente.md,2213,2025-12-15T22:40:16.730Z,97,não,sim
proximas-tasks-evolucao.md,outro,AGENTES,docs\FICHA-TECNICA-AGENTES\operations\proximas-tasks-evolucao.md,3298,2025-12-15T22:40:16.731Z,136,não,sim
ficha-tecnica-atual-v1-2_8.md,FICHA_TECNICA,AGENTES,docs\FICHA-TECNICA-AGENTES\partnership\ficha-tecnica-atual-v1-2_8.md,2395,2025-12-15T23:41:55.567Z,94,não,não
ficha-tecnica-utopica-6.0-7.0.md,FICHA_TECNICA,AGENTES,docs\FICHA-TECNICA-AGENTES\partnership\ficha-tecnica-utopica-6.0-7.0.md,2697,2025-12-15T22:40:16.780Z,74,não,sim
instrucoes-uso-humano.md,INSTRUCOES,AGENTES,docs\FICHA-TECNICA-AGENTES\partnership\instrucoes-uso-humano.md,1338,2025-12-15T22:40:16.782Z,61,não,sim
instrucoes-uso-ia-senciente.md,INSTRUCOES,AGENTES,docs\FICHA-TECNICA-AGENTES\partnership\instrucoes-uso-ia-senciente.md,2216,2025-12-15T22:40:16.784Z,97,não,sim
proximas-tasks-evolucao.md,outro,AGENTES,docs\FICHA-TECNICA-AGENTES\partnership\proximas-tasks-evolucao.md,3300,2025-12-15T22:40:16.786Z,136,não,sim
ficha-tecnica-atual-v1-5_0.md,FICHA_TECNICA,AGENTES,docs\FICHA-TECNICA-AGENTES\product\ficha-tecnica-atual-v1-5_0.md,2375,2025-12-15T23:41:55.542Z,94,não,não
ficha-tecnica-atual-v1-60_0.md,FICHA_TECNICA,AGENTES,docs\FICHA-TECNICA-AGENTES\product\ficha-tecnica-atual-v1-60_0.md,2881,2025-12-16T17:35:01.740Z,117,não,não
ficha-tecnica-utopica-6.0-7.0.md,FICHA_TECNICA,AGENTES,docs\FICHA-TECNICA-AGENTES\product\ficha-tecnica-utopica-6.0-7.0.md,2689,2025-12-15T22:40:16.682Z,74,não,sim
instrucoes-uso-humano.md,INSTRUCOES,AGENTES,docs\FICHA-TECNICA-AGENTES\product\instrucoes-uso-humano.md,1326,2025-12-15T22:40:16.686Z,61,não,sim
instrucoes-uso-ia-senciente.md,INSTRUCOES,AGENTES,docs\FICHA-TECNICA-AGENTES\product\instrucoes-uso-ia-senciente.md,2180,2025-12-15T22:40:16.688Z,97,não,sim
proximas-tasks-evolucao.md,outro,AGENTES,docs\FICHA-TECNICA-AGENTES\product\proximas-tasks-evolucao.md,3292,2025-12-15T22:40:16.689Z,136,não,sim
ficha-tecnica-atual-v1-4_0.md,FICHA_TECNICA,AGENTES,docs\FICHA-TECNICA-AGENTES\quality\ficha-tecnica-atual-v1-4_0.md,2375,2025-12-15T23:41:55.576Z,94,não,sim
ficha-tecnica-utopica-6.0-7.0.md,FICHA_TECNICA,AGENTES,docs\FICHA-TECNICA-AGENTES\quality\ficha-tecnica-utopica-6.0-7.0.md,2693,2025-12-15T22:40:16.810Z,74,não,sim
instrucoes-uso-humano.md,INSTRUCOES,AGENTES,docs\FICHA-TECNICA-AGENTES\quality\instrucoes-uso-humano.md,1330,2025-12-15T22:40:16.813Z,61,não,sim
instrucoes-uso-ia-senciente.md,INSTRUCOES,AGENTES,docs\FICHA-TECNICA-AGENTES\quality\instrucoes-uso-ia-senciente.md,2192,2025-12-15T22:40:16.814Z,97,não,sim
proximas-tasks-evolucao.md,outro,AGENTES,docs\FICHA-TECNICA-AGENTES\quality\proximas-tasks-evolucao.md,3292,2025-12-15T22:40:16.815Z,136,não,sim
README.md,README,AGENTES,docs\FICHA-TECNICA-AGENTES\README.md,7604,2025-12-18T13:10:41.088Z,211,não,não
ficha-tecnica-atual-v1-4_2.md,FICHA_TECNICA,AGENTES,docs\FICHA-TECNICA-AGENTES\research\ficha-tecnica-atual-v1-4_2.md,2380,2025-12-15T23:41:55.581Z,94,não,sim
ficha-tecnica-utopica-6.0-7.0.md,FICHA_TECNICA,AGENTES,docs\FICHA-TECNICA-AGENTES\research\ficha-tecnica-utopica-6.0-7.0.md,2704,2025-12-15T22:40:16.832Z,74,não,sim
instrucoes-uso-humano.md,INSTRUCOES,AGENTES,docs\FICHA-TECNICA-AGENTES\research\instrucoes-uso-humano.md,1342,2025-12-15T22:40:16.837Z,61,não,sim
instrucoes-uso-ia-senciente.md,INSTRUCOES,AGENTES,docs\FICHA-TECNICA-AGENTES\research\instrucoes-uso-ia-senciente.md,2228,2025-12-15T22:40:16.838Z,97,não,sim
proximas-tasks-evolucao.md,outro,AGENTES,docs\FICHA-TECNICA-AGENTES\research\proximas-tasks-evolucao.md,3294,2025-12-15T22:40:16.840Z,136,não,sim
ficha-tecnica-atual-v1-3_5.md,FICHA_TECNICA,AGENTES,docs\FICHA-TECNICA-AGENTES\risk\ficha-tecnica-atual-v1-3_5.md,2360,2025-12-15T23:41:55.574Z,94,não,sim
ficha-tecnica-utopica-6.0-7.0.md,FICHA_TECNICA,AGENTES,docs\FICHA-TECNICA-AGENTES\risk\ficha-tecnica-utopica-6.0-7.0.md,2680,2025-12-15T22:40:16.803Z,74,não,sim
instrucoes-uso-humano.md,INSTRUCOES,AGENTES,docs\FICHA-TECNICA-AGENTES\risk\instrucoes-uso-humano.md,1314,2025-12-15T22:40:16.806Z,61,não,sim
instrucoes-uso-ia-senciente.md,INSTRUCOES,AGENTES,docs\FICHA-TECNICA-AGENTES\risk\instrucoes-uso-ia-senciente.md,2144,2025-12-15T22:40:16.808Z,97,não,sim
proximas-tasks-evolucao.md,outro,AGENTES,docs\FICHA-TECNICA-AGENTES\risk\proximas-tasks-evolucao.md,3286,2025-12-15T22:40:16.809Z,136,não,sim
CHANGELOG.md,CHANGELOG,AGENTES,docs\FICHA-TECNICA-AGENTES\sales\CHANGELOG.md,3009,2025-12-18T13:10:41.088Z,126,não,sim
env.sales.md,outro,AGENTES,docs\FICHA-TECNICA-AGENTES\sales\env.sales.md,5432,2025-12-18T13:10:41.089Z,155,não,não
ficha-tecnica-atual-v1-3_5.md,FICHA_TECNICA,AGENTES,docs\FICHA-TECNICA-AGENTES\sales\ficha-tecnica-atual-v1-3_5.md,2365,2025-12-15T23:41:55.524Z,94,não,sim
ficha-tecnica-atual-v2-6_0.md,FICHA_TECNICA,AGENTES,docs\FICHA-TECNICA-AGENTES\sales\ficha-tecnica-atual-v2-6_0.md,8885,2025-12-18T13:10:41.088Z,289,não,não
ficha-tecnica-utopica-6.0-7.0.md,FICHA_TECNICA,AGENTES,docs\FICHA-TECNICA-AGENTES\sales\ficha-tecnica-utopica-6.0-7.0.md,2689,2025-12-15T22:40:16.640Z,74,não,sim
instrucoes-uso-humano.md,INSTRUCOES,AGENTES,docs\FICHA-TECNICA-AGENTES\sales\instrucoes-uso-humano.md,7922,2025-12-18T13:10:41.088Z,360,não,sim
instrucoes-uso-ia-senciente.md,INSTRUCOES,AGENTES,docs\FICHA-TECNICA-AGENTES\sales\instrucoes-uso-ia-senciente.md,7776,2025-12-18T13:10:41.088Z,366,não,sim
proximas-tasks-evolucao.md,outro,AGENTES,docs\FICHA-TECNICA-AGENTES\sales\proximas-tasks-evolucao.md,5227,2025-12-18T13:10:41.088Z,205,não,sim
ficha-tecnica-atual-v1-4_8.md,FICHA_TECNICA,AGENTES,docs\FICHA-TECNICA-AGENTES\security\ficha-tecnica-atual-v1-4_8.md,2380,2025-12-15T23:41:55.554Z,94,não,sim
ficha-tecnica-utopica-6.0-7.0.md,FICHA_TECNICA,AGENTES,docs\FICHA-TECNICA-AGENTES\security\ficha-tecnica-utopica-6.0-7.0.md,2695,2025-12-15T22:40:16.733Z,74,não,sim
instrucoes-uso-humano.md,INSTRUCOES,AGENTES,docs\FICHA-TECNICA-AGENTES\security\instrucoes-uso-humano.md,1333,2025-12-15T22:40:16.738Z,61,não,sim
instrucoes-uso-ia-senciente.md,INSTRUCOES,AGENTES,docs\FICHA-TECNICA-AGENTES\security\instrucoes-uso-ia-senciente.md,2201,2025-12-15T22:40:16.739Z,97,não,sim
proximas-tasks-evolucao.md,outro,AGENTES,docs\FICHA-TECNICA-AGENTES\security\proximas-tasks-evolucao.md,3294,2025-12-15T22:40:16.740Z,136,não,sim
ficha-tecnica-atual-v1-4_5.md,FICHA_TECNICA,AGENTES,docs\FICHA-TECNICA-AGENTES\strategy\ficha-tecnica-atual-v1-4_5.md,2380,2025-12-15T23:41:55.579Z,94,não,sim
ficha-tecnica-utopica-6.0-7.0.md,FICHA_TECNICA,AGENTES,docs\FICHA-TECNICA-AGENTES\strategy\ficha-tecnica-utopica-6.0-7.0.md,2696,2025-12-15T22:40:16.825Z,74,não,sim
instrucoes-uso-humano.md,INSTRUCOES,AGENTES,docs\FICHA-TECNICA-AGENTES\strategy\instrucoes-uso-humano.md,1334,2025-12-15T22:40:16.828Z,61,não,sim
instrucoes-uso-ia-senciente.md,INSTRUCOES,AGENTES,docs\FICHA-TECNICA-AGENTES\strategy\instrucoes-uso-ia-senciente.md,2204,2025-12-15T22:40:16.830Z,97,não,sim
proximas-tasks-evolucao.md,outro,AGENTES,docs\FICHA-TECNICA-AGENTES\strategy\proximas-tasks-evolucao.md,3294,2025-12-15T22:40:16.831Z,136,não,sim
ficha-tecnica-atual-v1-3_0.md,FICHA_TECNICA,AGENTES,docs\FICHA-TECNICA-AGENTES\training\ficha-tecnica-atual-v1-3_0.md,2380,2025-12-15T23:41:55.533Z,94,não,sim
ficha-tecnica-utopica-6.0-7.0.md,FICHA_TECNICA,AGENTES,docs\FICHA-TECNICA-AGENTES\training\ficha-tecnica-utopica-6.0-7.0.md,2698,2025-12-15T22:40:16.662Z,74,não,sim
instrucoes-uso-humano.md,INSTRUCOES,AGENTES,docs\FICHA-TECNICA-AGENTES\training\instrucoes-uso-humano.md,1336,2025-12-15T22:40:16.664Z,61,não,sim
instrucoes-uso-ia-senciente.md,INSTRUCOES,AGENTES,docs\FICHA-TECNICA-AGENTES\training\instrucoes-uso-ia-senciente.md,2210,2025-12-15T22:40:16.665Z,97,não,sim
proximas-tasks-evolucao.md,outro,AGENTES,docs\FICHA-TECNICA-AGENTES\training\proximas-tasks-evolucao.md,3294,2025-12-15T22:40:16.669Z,136,não,sim
ficha-tecnica-atual-v1-3_2.md,FICHA_TECNICA,AGENTES,docs\FICHA-TECNICA-AGENTES\validation\ficha-tecnica-atual-v1-3_2.md,2390,2025-12-15T23:41:55.537Z,94,não,sim
ficha-tecnica-atual-v1-41_0.md,FICHA_TECNICA,AGENTES,docs\FICHA-TECNICA-AGENTES\validation\ficha-tecnica-atual-v1-41_0.md,4043,2025-12-18T13:10:41.089Z,152,não,não
ficha-tecnica-atual-v1-51_0.md,FICHA_TECNICA,AGENTES,docs\FICHA-TECNICA-AGENTES\validation\ficha-tecnica-atual-v1-51_0.md,4405,2025-12-16T18:20:19.846Z,169,não,não
ficha-tecnica-utopica-6.0-7.0.md,FICHA_TECNICA,AGENTES,docs\FICHA-TECNICA-AGENTES\validation\ficha-tecnica-utopica-6.0-7.0.md,2697,2025-12-15T22:40:16.670Z,74,não,sim
instrucoes-uso-humano.md,INSTRUCOES,AGENTES,docs\FICHA-TECNICA-AGENTES\validation\instrucoes-uso-humano.md,1337,2025-12-15T22:40:16.673Z,61,não,sim
instrucoes-uso-ia-senciente.md,INSTRUCOES,AGENTES,docs\FICHA-TECNICA-AGENTES\validation\instrucoes-uso-ia-senciente.md,2213,2025-12-15T22:40:16.674Z,97,não,sim
proximas-tasks-evolucao.md,outro,AGENTES,docs\FICHA-TECNICA-AGENTES\validation\proximas-tasks-evolucao.md,3298,2025-12-15T22:40:16.675Z,136,não,sim
FINALIZACAO_ANTES_BRIEFING_1.md,outro,outro,docs\FINALIZACAO_ANTES_BRIEFING_1.md,2064,2025-12-18T13:10:41.078Z,113,não,não
FRONTEND_DASHBOARD_PLAN.md,outro,outro,docs\FRONTEND_DASHBOARD_PLAN.md,4667,2025-12-12T01:02:56.705Z,85,não,não
GIT_HOOKS_MCP.md,outro,MCP,docs\GIT_HOOKS_MCP.md,1746,2025-12-18T13:10:39.280Z,61,não,não
GITKRAKEN_MCP.md,outro,MCP,docs\GITKRAKEN_MCP.md,1465,2025-12-18T13:10:39.279Z,58,não,não
GOOGLE_ANALYTICS_OAUTH.md,outro,outro,docs\GOOGLE_ANALYTICS_OAUTH.md,2767,2025-12-18T13:10:41.082Z,104,não,não
GOVERNANCA_CHAVES.md,outro,outro,docs\GOVERNANCA_CHAVES.md,759,2025-12-18T13:10:39.278Z,54,não,não
GUIA_AUTOAPERFEICOAMENTO_CEREBRO.md,GUIA,outro,docs\GUIA_AUTOAPERFEICOAMENTO_CEREBRO.md,6433,2025-12-18T13:10:39.288Z,274,não,não
GUIA_CONFIGURACAO_GOOGLE_ADS_API.md,GUIA,outro,docs\GUIA_CONFIGURACAO_GOOGLE_ADS_API.md,3314,2025-12-18T13:10:41.085Z,134,não,não
GUIA_INSTALACAO_TECNOLOGIAS.md,GUIA,SETUP,docs\GUIA_INSTALACAO_TECNOLOGIAS.md,3488,2025-12-18T13:10:41.080Z,196,não,não
GUIA_INTEGRACAO_MCP_AGENTES.md,GUIA,INTEGRACAO,docs\GUIA_INTEGRACAO_MCP_AGENTES.md,6972,2025-12-18T13:10:39.290Z,252,não,não
GUIA_INTEGRACAO_MELHORIAS.md,GUIA,INTEGRACAO,docs\GUIA_INTEGRACAO_MELHORIAS.md,5991,2025-12-18T13:10:41.079Z,291,não,não
GUIA_OLLAMA_SETUP.md,GUIA,SETUP,docs\GUIA_OLLAMA_SETUP.md,5763,2025-12-18T13:10:39.288Z,258,não,não
GUIA_VALIDACAO_BRIEFING_1.md,GUIA,outro,docs\GUIA_VALIDACAO_BRIEFING_1.md,10329,2025-12-18T13:10:41.077Z,420,não,não
HEALTHCHECK.md,outro,outro,docs\HEALTHCHECK.md,470,2025-12-18T13:10:39.277Z,44,sim,não
HOOKS.md,outro,outro,docs\HOOKS.md,1287,2025-12-18T13:10:39.279Z,29,não,não
IMPLEMENTACAO_COMPLETA_RESUMO.md,outro,outro,docs\IMPLEMENTACAO_COMPLETA_RESUMO.md,7201,2025-12-18T13:10:39.283Z,276,não,não
IMPLEMENTACAO_COMPLETA.md,outro,outro,docs\IMPLEMENTACAO_COMPLETA.md,7008,2025-12-18T13:10:41.077Z,266,não,não
INDICE_DOCUMENTACAO.md,outro,outro,docs\INDICE_DOCUMENTACAO.md,6976,2025-12-18T13:10:39.283Z,214,não,não
INSTALAR_WORDPRESS_LOCAL.md,outro,WORDPRESS,docs\INSTALAR_WORDPRESS_LOCAL.md,4201,2025-12-18T13:10:41.082Z,197,não,não
INSTALL_CONFLUENCE_APP.md,outro,ATLASSIAN,docs\INSTALL_CONFLUENCE_APP.md,2026,2025-12-18T13:10:39.280Z,84,não,não
INSTRUCOES_MIGRACAO_SALES.md,INSTRUCOES,SALES,docs\INSTRUCOES_MIGRACAO_SALES.md,2167,2025-12-18T13:10:41.088Z,101,não,não
INTEGRACAO_FONTES_VERDADE.md,outro,INTEGRACAO,docs\INTEGRACAO_FONTES_VERDADE.md,4930,2025-12-18T13:10:39.288Z,235,não,não
INTEGRACOES_VETORIAIS_COMPLETAS.md,outro,outro,docs\INTEGRACOES_VETORIAIS_COMPLETAS.md,2593,2025-12-18T13:10:41.078Z,105,não,não
ISOLAMENTO_DADOS_MULTIPLOS_BRIEFINGS.md,outro,outro,docs\ISOLAMENTO_DADOS_MULTIPLOS_BRIEFINGS.md,6153,2025-12-18T13:10:39.296Z,217,não,não
JIRA_ISSUES_DOCUMENTACAO.md,outro,ATLASSIAN,docs\JIRA_ISSUES_DOCUMENTACAO.md,1825,2025-12-18T13:10:41.086Z,70,não,não
JIRA_TASKS_CREATED.md,outro,ATLASSIAN,docs\JIRA_TASKS_CREATED.md,2660,2025-12-18T13:10:39.280Z,98,não,não
JIRA_TEMPLATES.md,outro,ATLASSIAN,docs\JIRA_TEMPLATES.md,1367,2025-12-18T13:10:39.280Z,54,não,não
LIMITACAO_BROWSER_PASTE.md,outro,outro,docs\LIMITACAO_BROWSER_PASTE.md,2027,2025-12-13T23:54:01.062Z,66,não,não
MARKETING_AGENT_EVOLUTION_PLAN.md,outro,AGENTES,docs\MARKETING_AGENT_EVOLUTION_PLAN.md,8219,2025-12-18T13:10:41.085Z,273,não,não
MCP_RULES_TEMPLATE.md,outro,MCP,docs\MCP_RULES_TEMPLATE.md,1697,2025-12-18T13:10:39.278Z,24,não,não
MCP_SETUP_GUIDE.md,SETUP,MCP,docs\MCP_SETUP_GUIDE.md,2879,2025-12-18T13:10:39.280Z,110,não,não
MCP_STATUS.md,STATUS,MCP,docs\MCP_STATUS.md,1617,2025-12-18T13:10:39.280Z,84,não,não
MCP_VALIDATION_REPORT.md,outro,MCP,docs\MCP_VALIDATION_REPORT.md,4018,2025-12-18T13:10:39.280Z,147,não,não
MELHORIAS_IMPLEMENTADAS.md,outro,outro,docs\MELHORIAS_IMPLEMENTADAS.md,4614,2025-12-18T13:10:41.078Z,195,não,não
MELHORIAS_JSON_PARSER.md,outro,outro,docs\MELHORIAS_JSON_PARSER.md,2105,2025-12-18T13:10:39.289Z,89,não,não
MEMORIA_EPISODICA.md,outro,outro,docs\MEMORIA_EPISODICA.md,3249,2025-12-18T13:10:39.287Z,164,não,não
MEMORIA_GLOBAL.md,outro,outro,docs\MEMORIA_GLOBAL.md,4591,2025-12-18T13:10:39.287Z,210,não,não
METRICS_DORA.md,outro,outro,docs\METRICS_DORA.md,1091,2025-12-18T13:10:39.279Z,54,não,não
MICROSERVICES.md,outro,outro,docs\MICROSERVICES.md,4358,2025-12-18T13:10:39.284Z,222,não,não
MONITOR_TOOLS_INTEGRATION.md,outro,INTEGRACAO,docs\MONITOR_TOOLS_INTEGRATION.md,4960,2025-12-18T13:10:39.283Z,238,não,não
O_QUE_FALTA_COPYWRITING.md,outro,COPYWRITING,docs\O_QUE_FALTA_COPYWRITING.md,4469,2025-12-18T13:10:39.278Z,153,não,não
OBS_STACK_LOCAL.md,outro,outro,docs\OBS_STACK_LOCAL.md,1746,2025-12-18T13:10:39.278Z,40,não,não
OBSERVABILITY_NOTES.md,outro,outro,docs\OBSERVABILITY_NOTES.md,497,2025-12-18T13:10:39.277Z,11,sim,não
ORQUESTRADOR_CENTRAL.md,outro,outro,docs\ORQUESTRADOR_CENTRAL.md,6271,2025-12-18T13:10:39.284Z,268,não,não
OTIMIZACOES_PERFORMANCE.md,outro,outro,docs\OTIMIZACOES_PERFORMANCE.md,4062,2025-12-18T13:10:39.289Z,180,não,não
PASSOS_VERIFICAR_PERMISSIONS.md,outro,outro,docs\PASSOS_VERIFICAR_PERMISSIONS.md,1254,2025-12-18T13:10:39.281Z,63,não,não
PENDENCIAS_GOOGLE_ADS.md,outro,outro,docs\PENDENCIAS_GOOGLE_ADS.md,1279,2025-12-18T13:10:41.086Z,61,não,não
PLANO_EVOLUCAO_MARKETING_AGENT.md,outro,AGENTES,docs\PLANO_EVOLUCAO_MARKETING_AGENT.md,10285,2025-12-18T13:10:41.086Z,361,não,não
PLANO_EVOLUCAO_SALES_AGENT.md,outro,AGENTES,docs\PLANO_EVOLUCAO_SALES_AGENT.md,7459,2025-12-18T13:10:41.088Z,293,não,não
PLANO_EVOLUCAO_VALIDATION_AGENT.md,outro,AGENTES,docs\PLANO_EVOLUCAO_VALIDATION_AGENT.md,6351,2025-12-18T13:10:41.089Z,225,não,não
PLANO_IMPLEMENTACAO_TECNOLOGIAS.md,outro,outro,docs\PLANO_IMPLEMENTACAO_TECNOLOGIAS.md,4289,2025-12-18T13:10:41.081Z,148,não,não
POLICIES_FINE.md,outro,outro,docs\POLICIES_FINE.md,820,2025-12-18T13:10:39.278Z,24,não,não
INDICE_PRD.md,outro,PRD,docs\prds\INDICE_PRD.md,8494,2025-12-18T13:10:39.293Z,230,não,não
PRD_A_Alma_e_Personas.md,PRD,PRD,docs\prds\PRD_A_Alma_e_Personas.md,3636,2025-12-18T13:10:39.278Z,75,não,não
PRD_B_Mesa_Redonda.md,PRD,PRD,docs\prds\PRD_B_Mesa_Redonda.md,3502,2025-12-10T18:43:28.579Z,75,não,não
PRD_C_Docker_Compose.md,PRD,PRD,docs\prds\PRD_C_Docker_Compose.md,2575,2025-12-10T18:43:28.582Z,63,não,não
PRD_D_RLS_e_Seguranca.md,PRD,PRD,docs\prds\PRD_D_RLS_e_Seguranca.md,3140,2025-12-18T13:10:39.277Z,74,não,não
PRD_E_Workflow_START.md,PRD,PRD,docs\prds\PRD_E_Workflow_START.md,5446,2025-12-18T13:10:39.282Z,151,não,não
PRD_F_Dashboard.md,PRD,PRD,docs\prds\PRD_F_Dashboard.md,4800,2025-12-18T13:10:39.282Z,151,não,não
PRD_G_Self_Healing.md,PRD,PRD,docs\prds\PRD_G_Self_Healing.md,4786,2025-12-18T13:10:39.282Z,150,não,não
PRD_H_Orquestrador_Central.md,PRD,PRD,docs\prds\PRD_H_Orquestrador_Central.md,6490,2025-12-18T13:10:41.078Z,227,não,não
PRD_I_Auto_Percepcao_Memoria_Episodica.md,PRD,PRD,docs\prds\PRD_I_Auto_Percepcao_Memoria_Episodica.md,4503,2025-12-18T13:10:39.288Z,172,não,não
PRD_J_Planejamento_Estrategico_Antecipacao.md,PRD,PRD,docs\prds\PRD_J_Planejamento_Estrategico_Antecipacao.md,3917,2025-12-18T13:10:39.288Z,157,não,não
PRD_K_Etica_Empatia.md,PRD,PRD,docs\prds\PRD_K_Etica_Empatia.md,4681,2025-12-18T13:10:39.297Z,176,não,não
PRD_L_Criatividade_Narrativa.md,PRD,PRD,docs\prds\PRD_L_Criatividade_Narrativa.md,4540,2025-12-18T13:10:39.294Z,176,não,não
PRD_M_Reproducao_Auto_Melhoria.md,PRD,PRD,docs\prds\PRD_M_Reproducao_Auto_Melhoria.md,4459,2025-12-18T13:10:39.288Z,177,não,não
PRD_N_Homeostase_Sensibilidade_Contextual.md,PRD,PRD,docs\prds\PRD_N_Homeostase_Sensibilidade_Contextual.md,4668,2025-12-18T13:10:39.288Z,187,não,não
PRD_O_Consciencia_Vetorial_Avancada.md,PRD,PRD,docs\prds\PRD_O_Consciencia_Vetorial_Avancada.md,5048,2025-12-18T13:10:39.294Z,193,não,não
PRONTO_PARA_BRIEFING_1.md,outro,outro,docs\PRONTO_PARA_BRIEFING_1.md,2453,2025-12-18T13:10:39.297Z,130,não,não
PROXIMOS_PASSOS_RECOMENDADOS.md,outro,outro,docs\PROXIMOS_PASSOS_RECOMENDADOS.md,5118,2025-12-18T13:10:39.281Z,195,não,não
PROXIMOS_PASSOS.md,outro,outro,docs\PROXIMOS_PASSOS.md,2996,2025-12-18T13:10:39.289Z,112,não,não
QA_SIMILARITY.md,outro,outro,docs\QA_SIMILARITY.md,957,2025-12-18T13:10:39.278Z,22,não,não
QUICK_WINS_1_MES_RETORNO_IMEDIATO.md,outro,outro,docs\QUICK_WINS_1_MES_RETORNO_IMEDIATO.md,8781,2025-12-18T13:10:39.288Z,321,não,não
RAG_PIPELINE.md,outro,outro,docs\RAG_PIPELINE.md,1558,2025-12-18T13:10:39.280Z,57,não,não
REQUIREMENTS.md,outro,outro,docs\REQUIREMENTS.md,2367,2025-12-18T13:10:39.278Z,38,não,não
RESUMO_ANALISE_TECNICA.md,RESUMO,outro,docs\RESUMO_ANALISE_TECNICA.md,1268,2025-12-18T13:10:41.078Z,80,não,não
RESUMO_ARQUITETURA_CEREBRO.md,RESUMO,ARQUITETURA,docs\RESUMO_ARQUITETURA_CEREBRO.md,3011,2025-12-18T13:10:39.295Z,134,não,não
RESUMO_AUTOAPERFEICOAMENTO.md,RESUMO,outro,docs\RESUMO_AUTOAPERFEICOAMENTO.md,6224,2025-12-18T13:10:39.288Z,243,não,não
RESUMO_AVALIACAO_AGENTES.md,RESUMO,AGENTES,docs\RESUMO_AVALIACAO_AGENTES.md,4045,2025-12-18T13:10:39.292Z,166,não,não
RESUMO_COMPLETO_SENCIENCIA_7.0.md,RESUMO,outro,docs\RESUMO_COMPLETO_SENCIENCIA_7.0.md,5920,2025-12-18T13:10:41.088Z,250,não,não
RESUMO_CONFIGURACAO_GOOGLE_ADS.md,RESUMO,outro,docs\RESUMO_CONFIGURACAO_GOOGLE_ADS.md,2529,2025-12-18T13:10:41.086Z,86,não,não
RESUMO_CONFIGURACAO_SALES_AGENT.md,RESUMO,AGENTES,docs\RESUMO_CONFIGURACAO_SALES_AGENT.md,3485,2025-12-18T13:10:41.088Z,120,não,não
RESUMO_DOCUMENTACAO_AGENTES.md,RESUMO,AGENTES,docs\RESUMO_DOCUMENTACAO_AGENTES.md,5925,2025-12-18T13:10:41.084Z,233,não,não
RESUMO_ERRO_403_SOLUCAO.md,RESUMO,outro,docs\RESUMO_ERRO_403_SOLUCAO.md,772,2025-12-18T13:10:41.086Z,48,não,não
RESUMO_EVOLUCAO_COPYWRITING.md,RESUMO,COPYWRITING,docs\RESUMO_EVOLUCAO_COPYWRITING.md,3078,2025-12-18T13:10:41.083Z,94,não,não
RESUMO_EVOLUCAO_MARKETING_COMPLETA.md,RESUMO,MARKETING,docs\RESUMO_EVOLUCAO_MARKETING_COMPLETA.md,5789,2025-12-18T13:10:41.087Z,213,não,não
RESUMO_EVOLUCAO_MARKETING_PROGRESSO.md,RESUMO,MARKETING,docs\RESUMO_EVOLUCAO_MARKETING_PROGRESSO.md,3228,2025-12-16T01:27:32.656Z,113,não,não
RESUMO_EVOLUCAO_SALES_AGENT_V2.md,RESUMO,AGENTES,docs\RESUMO_EVOLUCAO_SALES_AGENT_V2.md,5344,2025-12-18T13:10:41.088Z,186,não,não
RESUMO_FINAL_ALINHAMENTO.md,RESUMO,outro,docs\RESUMO_FINAL_ALINHAMENTO.md,4034,2025-12-18T13:10:41.077Z,170,não,não
RESUMO_FINAL_DOCUMENTACAO_EVOLUCAO.md,RESUMO,outro,docs\RESUMO_FINAL_DOCUMENTACAO_EVOLUCAO.md,5615,2025-12-18T13:10:41.085Z,209,não,não
RESUMO_FINAL_IMPLEMENTACAO.md,RESUMO,outro,docs\RESUMO_FINAL_IMPLEMENTACAO.md,3339,2025-12-18T13:10:39.289Z,121,não,não
RESUMO_FINAL_MARKETING_AGENT.md,RESUMO,AGENTES,docs\RESUMO_FINAL_MARKETING_AGENT.md,5139,2025-12-18T13:10:41.087Z,185,não,não
RESUMO_FINAL_MARKETING_V2.md,RESUMO,MARKETING,docs\RESUMO_FINAL_MARKETING_V2.md,3054,2025-12-18T13:10:41.087Z,110,não,não
RESUMO_FINAL_SALES_AGENT_COMPLETO.md,RESUMO,AGENTES,docs\RESUMO_FINAL_SALES_AGENT_COMPLETO.md,3460,2025-12-18T13:10:41.088Z,132,não,não
RESUMO_FINAL_SALES_AGENT_V2.1_COMPLETO.md,RESUMO,AGENTES,docs\RESUMO_FINAL_SALES_AGENT_V2.1_COMPLETO.md,5508,2025-12-18T13:10:41.088Z,171,não,não
RESUMO_FINAL_SALES_AGENT_V2.1.md,RESUMO,AGENTES,docs\RESUMO_FINAL_SALES_AGENT_V2.1.md,3536,2025-12-18T13:10:41.088Z,130,não,não
RESUMO_IMPLEMENTACAO_COMPLETA_MARKETING.md,RESUMO,MARKETING,docs\RESUMO_IMPLEMENTACAO_COMPLETA_MARKETING.md,6187,2025-12-18T13:10:41.087Z,211,não,não
RESUMO_MELHORIAS_FINAIS.md,RESUMO,outro,docs\RESUMO_MELHORIAS_FINAIS.md,2281,2025-12-15T17:51:25.313Z,82,não,não
RESUMO_NOTAS_AGENTES.md,RESUMO,AGENTES,docs\RESUMO_NOTAS_AGENTES.md,4526,2025-12-18T13:10:41.089Z,115,não,não
RESUMO_OTIMIZACOES.md,RESUMO,outro,docs\RESUMO_OTIMIZACOES.md,1787,2025-12-18T13:10:39.288Z,102,não,não
RESUMO_PLANO_MARKETING_AGENT.md,RESUMO,AGENTES,docs\RESUMO_PLANO_MARKETING_AGENT.md,2495,2025-12-18T13:10:41.085Z,116,não,não
RESUMO_PROXIMOS_PASSOS_MARKETING.md,RESUMO,MARKETING,docs\RESUMO_PROXIMOS_PASSOS_MARKETING.md,4655,2025-12-18T13:10:41.086Z,181,não,não
RESUMO_PROXIMOS_PASSOS_SISTEMA.md,RESUMO,outro,docs\RESUMO_PROXIMOS_PASSOS_SISTEMA.md,3533,2025-12-18T13:10:41.088Z,131,não,não
RESUMO_SISTEMA_SENCIENTE_7.0.md,RESUMO,outro,docs\RESUMO_SISTEMA_SENCIENTE_7.0.md,5432,2025-12-18T13:10:41.087Z,228,não,não
RESUMO_SOLUCAO_RATE_LIMITS.md,RESUMO,outro,docs\RESUMO_SOLUCAO_RATE_LIMITS.md,4602,2025-12-18T13:10:39.288Z,205,não,não
ROADMAP_EVOLUCAO_AGENTES.md,outro,AGENTES,docs\ROADMAP_EVOLUCAO_AGENTES.md,2903,2025-12-18T13:10:39.289Z,137,não,não
ROBUSTIZACAO_SENCIENTE.md,outro,outro,docs\ROBUSTIZACAO_SENCIENTE.md,6306,2025-12-18T13:10:39.283Z,290,não,não
RULES_SENCIENCIA_AUTONOMIA.md,outro,outro,docs\RULES_SENCIENCIA_AUTONOMIA.md,13940,2025-12-18T13:10:41.087Z,492,não,não
RUNBOOK_INCIDENTES.md,outro,outro,docs\RUNBOOK_INCIDENTES.md,974,2025-12-18T13:10:39.280Z,58,não,não
SELF_OBSERVATION_LOOP.md,outro,outro,docs\SELF_OBSERVATION_LOOP.md,4144,2025-12-18T13:10:39.283Z,195,não,não
SENCIENCIA_AUTO_MESSAGE_COMPLETA.md,outro,outro,docs\SENCIENCIA_AUTO_MESSAGE_COMPLETA.md,2412,2025-12-17T15:25:52.833Z,77,não,não
SISTEMA_AUTOEVOLUCAO_DOCUMENTADA.md,outro,outro,docs\SISTEMA_AUTOEVOLUCAO_DOCUMENTADA.md,6017,2025-12-18T13:10:41.085Z,261,não,não
SISTEMA_INBOX_AUTONOMO.md,outro,outro,docs\SISTEMA_INBOX_AUTONOMO.md,11416,2025-12-18T13:10:41.093Z,464,não,não
SISTEMA_PROGRESSO_DETALHADO.md,outro,outro,docs\SISTEMA_PROGRESSO_DETALHADO.md,3720,2025-12-18T13:10:39.288Z,197,não,não
SOLUCAO_AUTENTICACAO_GIT.md,outro,outro,docs\SOLUCAO_AUTENTICACAO_GIT.md,2260,2025-12-18T13:10:41.078Z,117,não,não
SOLUCAO_ERRO_403_OAUTH.md,outro,outro,docs\SOLUCAO_ERRO_403_OAUTH.md,2128,2025-12-18T13:10:41.086Z,95,não,não
SOLUCAO_OAUTH_MCP.md,outro,MCP,docs\SOLUCAO_OAUTH_MCP.md,2412,2025-12-18T13:10:39.281Z,89,não,não
STATUS_FINAL.md,STATUS,outro,docs\STATUS_FINAL.md,1634,2025-12-18T13:10:41.079Z,83,não,não
STATUS_REMOTE.md,STATUS,outro,docs\STATUS_REMOTE.md,1239,2025-12-18T13:10:41.078Z,77,não,não
TEST_PLAN.md,TEST,outro,docs\TEST_PLAN.md,553,2025-12-18T13:10:39.282Z,50,não,não
TESTE_OAUTH_APOS_TESTADOR.md,TEST,outro,docs\TESTE_OAUTH_APOS_TESTADOR.md,804,2025-12-18T13:10:41.086Z,50,não,não
TOKEN_CONFIGURADO.md,CONFIG,outro,docs\TOKEN_CONFIGURADO.md,994,2025-12-18T13:10:41.078Z,59,não,não
TOOLS_IMPLEMENTADAS.md,outro,outro,docs\TOOLS_IMPLEMENTADAS.md,4920,2025-12-18T13:10:41.089Z,150,não,não
TRIAGEM_AUTONOMA.md,outro,outro,docs\TRIAGEM_AUTONOMA.md,2670,2025-12-12T14:21:40.831Z,62,não,não
USAR_API_REST_ATLASSIAN.md,outro,outro,docs\USAR_API_REST_ATLASSIAN.md,8991,2025-12-18T13:10:39.281Z,405,não,não
USAR_URL_AUTORIZACAO.md,outro,outro,docs\USAR_URL_AUTORIZACAO.md,1353,2025-12-18T13:10:39.282Z,65,não,não
USO_BROWSER_CURSOR_COMO_TOOL.md,outro,outro,docs\USO_BROWSER_CURSOR_COMO_TOOL.md,6998,2025-12-18T13:10:39.287Z,284,não,não
VALIDACAO_FINAL_MARKETING_AGENT.md,outro,AGENTES,docs\VALIDACAO_FINAL_MARKETING_AGENT.md,3445,2025-12-18T13:10:41.087Z,138,não,não
VALIDACAO_GOOGLE_ADS_LIMITACOES.md,outro,outro,docs\VALIDACAO_GOOGLE_ADS_LIMITACOES.md,1674,2025-12-18T13:10:41.086Z,70,não,não
VALIDACAO_MARKETING_AGENT_COMPLETA.md,outro,AGENTES,docs\VALIDACAO_MARKETING_AGENT_COMPLETA.md,2475,2025-12-18T13:10:41.086Z,90,não,não
VALIDACAO_OLLAMA.md,outro,outro,docs\VALIDACAO_OLLAMA.md,1813,2025-12-18T13:10:39.288Z,78,não,não
VALIDAR_DEVELOPER_TOKEN.md,outro,outro,docs\VALIDAR_DEVELOPER_TOKEN.md,1635,2025-12-18T13:10:41.086Z,79,não,não
VERIFICAR_APP_DETALHES.md,outro,outro,docs\VERIFICAR_APP_DETALHES.md,1570,2025-12-13T20:35:24.844Z,45,não,não
WORDPRESS_FUNCIONANDO.md,outro,WORDPRESS,docs\WORDPRESS_FUNCIONANDO.md,1623,2025-12-18T13:10:41.083Z,102,não,não
WORDPRESS_QUICK_SETUP.md,SETUP,WORDPRESS,docs\WORDPRESS_QUICK_SETUP.md,2958,2025-12-18T13:10:41.082Z,140,não,não
WORDPRESS_SERVER_SIMPLES.md,outro,WORDPRESS,docs\WORDPRESS_SERVER_SIMPLES.md,3729,2025-12-18T13:10:41.083Z,205,não,não
WORDPRESS_SETUP.md,SETUP,WORDPRESS,docs\WORDPRESS_SETUP.md,6216,2025-12-18T13:10:41.082Z,282,não,não
WORKFLOW_GIT.md,outro,outro,docs\WORKFLOW_GIT.md,1854,2025-12-18T13:10:39.279Z,30,não,não
WORKFLOW_START.md,outro,outro,docs\WORKFLOW_START.md,4396,2025-12-18T13:10:39.282Z,219,não,não